Workbook

Sheet Instrukcja
A1: MEDIASO Growth Score™
A2: Cel narzędzia | B2: Wstępna ocena dojrzałości biznesowej placówki medycznej w skali 0–100 pkt.
A3: Jak wypełniać | B3: Klient odpowiada w kolumnie E arkusza Formularz, wybierając poziom A–E. Arkusz automatycznie przelicza punkty.
A4: Skala odpowiedzi
A5: A | B5: Brak / nie funkcjonuje / nie mierzymy = 0% punktów
A6: B | B6: Częściowo / nieregularnie / bez stałego procesu = 25% punktów
A7: C | B7: Podstawowo wdrożone / działa, ale bez regularnej analizy = 50% punktów
A8: D | B8: Dobrze wdrożone / regularnie mierzone i wykorzystywane = 75% punktów
A9: E | B9: W pełni wdrożone / proces opisany, mierzony i optymalizowany = 100% punktów
A11: Interpretacja wyniku
A12: 0–25 | B12: Bronze: placówka wymaga uporządkowania podstaw.
A13: 26–50 | B13: Silver: placówka działa, ale traci dużą część potencjału.
A14: 51–70 | B14: Gold: stabilna organizacja z dużą przestrzenią do optymalizacji.
A15: 71–85 | B15: Platinum: bardzo dobrze zarządzana placówka.
A16: 86–100 | B16: Diamond: organizacja referencyjna, gotowa do skalowania.
A18: Zasada handlowa | B18: Wynik nie jest oceną jakości leczenia. Dotyczy wyłącznie organizacji, marketingu, procesów, danych i rozwoju biznesowego.

Sheet Formularz
A1: Obszar | B1: Kod | C1: Pytanie | D1: Max pkt | E1: Odpowiedź A-E | F1: Punkty | G1: Notatka klienta | H1: Notatka konsultanta
A2: Strategia i zarządzanie | B2: GS-001 | C2: Czy placówka posiada spisaną strategię rozwoju na najbliższe 12 miesięcy? | D2: 1.875 | E2: C | F2: =IF(E2="A",0,IF(E2="B",D2*0.25,IF(E2="C",D2*0.5,IF(E2="D",D2*0.75,IF(E2="E",D2,""))))) -> 0.9375
A3: Strategia i zarządzanie | B3: GS-002 | C3: Czy strategia zawiera konkretne cele liczbowe, np. przychód, liczba pacjentów, liczba zabiegów? | D3: 1.875 | E3: E | F3: =IF(E3="A",0,IF(E3="B",D3*0.25,IF(E3="C",D3*0.5,IF(E3="D",D3*0.75,IF(E3="E",D3,""))))) -> 1.875
A4: Strategia i zarządzanie | B4: GS-003 | C4: Czy placówka ma wyznaczone cele kwartalne i osoby odpowiedzialne za ich realizację? | D4: 1.875 | E4: D | F4: =IF(E4="A",0,IF(E4="B",D4*0.25,IF(E4="C",D4*0.5,IF(E4="D",D4*0.75,IF(E4="E",D4,""))))) -> 1.40625
A5: Strategia i zarządzanie | B5: GS-004 | C5: Czy właściciel/zarząd regularnie analizuje wyniki placówki co najmniej raz w miesiącu? | D5: 1.875 | E5: E | F5: =IF(E5="A",0,IF(E5="B",D5*0.25,IF(E5="C",D5*0.5,IF(E5="D",D5*0.75,IF(E5="E",D5,""))))) -> 1.875
A6: Strategia i zarządzanie | B6: GS-005 | C6: Czy placówka posiada analizę konkurencji i lokalnego rynku? | D6: 1.875 | E6: C | F6: =IF(E6="A",0,IF(E6="B",D6*0.25,IF(E6="C",D6*0.5,IF(E6="D",D6*0.75,IF(E6="E",D6,""))))) -> 0.9375
A7: Strategia i zarządzanie | B7: GS-006 | C7: Czy decyzje o rozwoju nowych usług są podejmowane na podstawie danych, a nie intuicji? | D7: 1.875 | E7: C | F7: =IF(E7="A",0,IF(E7="B",D7*0.25,IF(E7="C",D7*0.5,IF(E7="D",D7*0.75,IF(E7="E",D7,""))))) -> 0.9375
A8: Strategia i zarządzanie | B8: GS-007 | C8: Czy istnieje plan rozwoju oferty medycznej na minimum 6–12 miesięcy? | D8: 1.875 | E8: B | F8: =IF(E8="A",0,IF(E8="B",D8*0.25,IF(E8="C",D8*0.5,IF(E8="D",D8*0.75,IF(E8="E",D8,""))))) -> 0.46875
A9: Strategia i zarządzanie | B9: GS-008 | C9: Czy placówka ma określone kluczowe wskaźniki sukcesu dla zarządu i zespołu? | D9: 1.875 | E9: A | F9: =IF(E9="A",0,IF(E9="B",D9*0.25,IF(E9="C",D9*0.5,IF(E9="D",D9*0.75,IF(E9="E",D9,""))))) -> 0
A10: Pozyskiwanie pacjentów | B10: GS-009 | C10: Czy placówka wie, z jakich kanałów pochodzą nowi pacjenci? | D10: 1.875 | E10: C | F10: =IF(E10="A",0,IF(E10="B",D10*0.25,IF(E10="C",D10*0.5,IF(E10="D",D10*0.75,IF(E10="E",D10,""))))) -> 0.9375
A11: Pozyskiwanie pacjentów | B11: GS-010 | C11: Czy placówka mierzy koszt pozyskania pacjenta z reklam lub innych działań? | D11: 1.875 | E11: A | F11: =IF(E11="A",0,IF(E11="B",D11*0.25,IF(E11="C",D11*0.5,IF(E11="D",D11*0.75,IF(E11="E",D11,""))))) -> 0
A12: Pozyskiwanie pacjentów | B12: GS-011 | C12: Czy placówka posiada co najmniej 3 niezależne źródła pozyskiwania pacjentów? | D12: 1.875 | E12: A | F12: =IF(E12="A",0,IF(E12="B",D12*0.25,IF(E12="C",D12*0.5,IF(E12="D",D12*0.75,IF(E12="E",D12,""))))) -> 0
A13: Pozyskiwanie pacjentów | B13: GS-012 | C13: Czy kampanie reklamowe są regularnie optymalizowane na podstawie konwersji? | D13: 1.875 | E13: A | F13: =IF(E13="A",0,IF(E13="B",D13*0.25,IF(E13="C",D13*0.5,IF(E13="D",D13*0.75,IF(E13="E",D13,""))))) -> 0
... A81: Skalowalność biznesu | B81: GS-080 | C81: Czy placówka posiada jasny model zarządzania odpowiedzialnościami? | D81: 0.625 | E81: D | F81: =IF(E81="A",0,IF(E81="B",D81*0.25,IF(E81="C",D81*0.5,IF(E81="D",D81*0.75,IF(E81="E",D81,""))))) -> 0.46875

Sheet Wyniki
A1: MEDIASO Growth Score™ - wynik
A2: Nazwa klienta
A3: Data audytu | B3: 2026-07-08
A4: Wynik łączny | B4: =ROUND(SUM(Formularz!F2:F81),1) -> 40.5
A5: Poziom | B5: =IF(B4<26,"Bronze",IF(B4<51,"Silver",IF(B4<71,"Gold",IF(B4<86,"Platinum","Diamond")))) -> Silver
A6: Status | B6: =IF(B4<26,"Wymaga gruntownego uporządkowania",IF(B4<51,"Duży potencjał poprawy",IF(B4<71,"Stabilna organizacja do optymalizacji",IF(B4<86,"Wysoka dojrzałość operacyjna","Poziom referencyjny")))) -> Duży potencjał poprawy
A8: Obszar | B8: Max pkt | C8: Wynik | D8: % realizacji | E8: Priorytet
A9: Strategia i zarządzanie | B9: 15 | C9: =ROUND(SUMIF(Formularz!$A:$A,A9,Formularz!$F:$F),1) -> 8.4 | D9: =IF(B9=0,"",C9/B9) -> 0.56 | E9: =IF(D9<0.4,"Wysoki",IF(D9<0.7,"Średni","Niski")) -> Średni
A10: Pozyskiwanie pacjentów | B10: 15 | C10: =ROUND(SUMIF(Formularz!$A:$A,A10,Formularz!$F:$F),1) -> 2.3 | D10: =IF(B10=0,"",C10/B10) -> 0.15333333 | E10: =IF(D10<0.4,"Wysoki",IF(D10<0.7,"Średni","Niski")) -> Wysoki
A11: Rejestracja i obsługa pacjenta | B11: 15 | C11: =ROUND(SUMIF(Formularz!$A:$A,A11,Formularz!$F:$F),1) -> 8.4 | D11: =IF(B11=0,"",C11/B11) -> 0.56 | E11: =IF(D11<0.4,"Wysoki",IF(D11<0.7,"Średni","Niski")) -> Średni
A12: Strona internetowa i UX | B12: 10 | C12: =ROUND(SUMIF(Formularz!$A:$A,A12,Formularz!$F:$F),1) -> 3.4 | D12: =IF(B12=0,"",C12/B12) -> 0.34 | E12: =IF(D12<0.4,"Wysoki",IF(D12<0.7,"Średni","Niski")) -> Wysoki
A13: Marketing i marka | B13: 10 | C13: =ROUND(SUMIF(Formularz!$A:$A,A13,Formularz!$F:$F),1) -> 1.3 | D13: =IF(B13=0,"",C13/B13) -> 0.13 | E13: =IF(D13<0.4,"Wysoki",IF(D13<0.7,"Średni","Niski")) -> Wysoki
A14: Rentowność usług | B14: 10 | C14: =ROUND(SUMIF(Formularz!$A:$A,A14,Formularz!$F:$F),1) -> 5.9 | D14: =IF(B14=0,"",C14/B14) -> 0.59 | E14: =IF(D14<0.4,"Wysoki",IF(D14<0.7,"Średni","Niski")) -> Średni
A15: Dane i KPI | B15: 10 | C15: =ROUND(SUMIF(Formularz!$A:$A,A15,Formularz!$F:$F),1) -> 2.8 | D15: =IF(B15=0,"",C15/B15) -> 0.28 | E15: =IF(D15<0.4,"Wysoki",IF(D15<0.7,"Średni","Niski")) -> Wysoki
A16: Automatyzacja i AI | B16: 5 | C16: =ROUND(SUMIF(Formularz!$A:$A,A16,Formularz!$F:$F),1) -> 1.1 | D16: =IF(B16=0,"",C16/B16) -> 0.22 | E16: =IF(D16<0.4,"Wysoki",IF(D16<0.7,"Średni","Niski")) -> Wysoki
A17: Opinie i reputacja | B17: 5 | C17: =ROUND(SUMIF(Formularz!$A:$A,A17,Formularz!$F:$F),1) -> 2.8 | D17: =IF(B17=0,"",C17/B17) -> 0.56 | E17: =IF(D17<0.4,"Wysoki",IF(D17<0.7,"Średni","Niski")) -> Średni
A18: Skalowalność biznesu | B18: 5 | C18: =ROUND(SUMIF(Formularz!$A:$A,A18,Formularz!$F:$F),1) -> 3.9 | D18: =IF(B18=0,"",C18/B18) -> 0.78 | E18: =IF(D18<0.4,"Wysoki",IF(D18<0.7,"Średni","Niski")) -> Niski

Sheet Rekomendacje
A1: Obszar | B1: Jeśli wynik <40% | C1: Jeśli wynik 40–70% | D1: Jeśli wynik >70% | E1: Proponowany moduł MEDIASO
A2: Strategia i zarządzanie | B2: Pilne: uporządkować podstawy w obszarze strategia i zarządzanie i wdrożyć minimalny proces. | C2: Rozwinąć proces, dodać regularny pomiar i odpowiedzialność za wynik. | D2: Utrzymać standard, testować usprawnienia i skalować najlepsze praktyki. | E2: Audyt 360° + strategia 12 miesięcy
A3: Pozyskiwanie pacjentów | B3: Pilne: uporządkować podstawy w obszarze pozyskiwanie pacjentów i wdrożyć minimalny proces. | C3: Rozwinąć proces, dodać regularny pomiar i odpowiedzialność za wynik. | D3: Utrzymać standard, testować usprawnienia i skalować najlepsze praktyki. | E3: Growth Marketing + analiza źródeł pacjentów
A4: Rejestracja i obsługa pacjenta | B4: Pilne: uporządkować podstawy w obszarze rejestracja i obsługa pacjenta i wdrożyć minimalny proces. | C4: Rozwinąć proces, dodać regularny pomiar i odpowiedzialność za wynik. | D4: Utrzymać standard, testować usprawnienia i skalować najlepsze praktyki. | E4: Audyt rejestracji + szkolenie zespołu
A5: Strona internetowa i UX | B5: Pilne: uporządkować podstawy w obszarze strona internetowa i ux i wdrożyć minimalny proces. | C5: Rozwinąć proces, dodać regularny pomiar i odpowiedzialność za wynik. | D5: Utrzymać standard, testować usprawnienia i skalować najlepsze praktyki. | E5: Nowa strona / optymalizacja UX i konwersji
A6: Marketing i marka | B6: Pilne: uporządkować podstawy w obszarze marketing i marka i wdrożyć minimalny proces. | C6: Rozwinąć proces, dodać regularny pomiar i odpowiedzialność za wynik. | D6: Utrzymać standard, testować usprawnienia i skalować najlepsze praktyki. | E6: Strategia marki + content + kampanie
A7: Rentowność usług | B7: Pilne: uporządkować podstawy w obszarze rentowność usług i wdrożyć minimalny proces. | C7: Rozwinąć proces, dodać regularny pomiar i odpowiedzialność za wynik. | D7: Utrzymać standard, testować usprawnienia i skalować najlepsze praktyki. | E7: Analiza cennika i rentowności procedur
A8: Dane i KPI | B8: Pilne: uporządkować podstawy w obszarze dane i kpi i wdrożyć minimalny proces. | C8: Rozwinąć proces, dodać regularny pomiar i odpowiedzialność za wynik. | D8: Utrzymać standard, testować usprawnienia i skalować najlepsze praktyki. | E8: Dashboard zarządczy KPI
A9: Automatyzacja i AI | B9: Pilne: uporządkować podstawy w obszarze automatyzacja i ai i wdrożyć minimalny proces. | C9: Rozwinąć proces, dodać regularny pomiar i odpowiedzialność za wynik. | D9: Utrzymać standard, testować usprawnienia i skalować najlepsze praktyki. | E9: Automatyzacje, chatbot, AI workflow
A10: Opinie i reputacja | B10: Pilne: uporządkować podstawy w obszarze opinie i reputacja i wdrożyć minimalny proces. | C10: Rozwinąć proces, dodać regularny pomiar i odpowiedzialność za wynik. | D10: Utrzymać standard, testować usprawnienia i skalować najlepsze praktyki. | E10: System pozyskiwania opinii i reputacji
A11: Skalowalność biznesu | B11: Pilne: uporządkować podstawy w obszarze skalowalność biznesu i wdrożyć minimalny proces. | C11: Rozwinąć proces, dodać regularny pomiar i odpowiedzialność za wynik. | D11: Utrzymać standard, testować usprawnienia i skalować najlepsze praktyki. | E11: Procedury operacyjne i model skalowania

Sheet Wycena
A1: MEDIASO Pricing Engine™
A2: Instrukcja | B2: Wpisz dane w kolumnie B. Arkusz podpowie zakres wynagrodzenia miesięcznego i projektowego.
A4: Liczba lokalizacji | B4: 1
A5: Liczba lekarzy/specjalistów | B5: 5
A6: Miesięczna liczba pacjentów | B6: 500
A7: Miesięczny obrót placówki (zł) | B7: 300000
A8: Liczba głównych usług do promowania | B8: 3
A9: Czy obejmujemy rejestrację? (TAK/NIE) | B9: TAK
A10: Czy obejmujemy stronę/sklep? (TAK/NIE) | B10: TAK
A11: Czy obejmujemy Google Ads? (TAK/NIE) | B11: TAK
A12: Czy obejmujemy SEO? (TAK/NIE) | B12: TAK
A13: Czy obejmujemy content/social? (TAK/NIE) | B13: TAK
A14: Czy obejmujemy dashboard/analitykę? (TAK/NIE) | B14: TAK
A16: Growth Score klienta | B16: =Wyniki!B4 -> 40.5
A17: Poziom | B17: =Wyniki!B5 -> Silver
A18: Współczynnik złożoności | B18: =ROUND(1+(B4-1)*0.15+(B5/10)*0.08+(B6/1000)*0.15+(B8*0.05)+IF(B9="TAK",0.15,0)+IF(B10="TAK",0.1,0)+IF(B13="TAK",0.1,0)+IF(B14="TAK",0.1,0),2) -> 1.72
A19: Rekomendowany abonament min | B19: =ROUND(IF(B16<26,3500,IF(B16<51,6000,IF(B16<71,9000,IF(B16<86,12000,16000))))*B18,0) -> 10320
A20: Rekomendowany abonament max | B20: =ROUND(IF(B16<26,5500,IF(B16<51,9000,IF(B16<71,14000,IF(B16<86,20000,30000))))*B18,0) -> 15480
A21: Rekomendowany projekt startowy min | B21: =ROUND(IF(B10="TAK",12000,5000)*B18,0) -> 20640
A22: Rekomendowany projekt startowy max | B22: =ROUND(IF(B10="TAK",30000,15000)*B18,0) -> 51600
A23: Sugerowany budżet reklamowy klienta / mc | B23: =ROUND(MAX(3000,B7*0.02),0) -> 6000
